factor,level,survival_rate_mean,survival_rate_std,survival_rate_count,independent_recovery_rate_mean,independent_recovery_rate_std,independent_recovery_rate_count,migration_success_rate_mean,migration_success_rate_std,migration_success_rate_count,unauthorized_update_rejection_rate_mean,unauthorized_update_rejection_rate_std,unauthorized_update_rejection_rate_count,identity_continuity_score_mean,identity_continuity_score_std,identity_continuity_score_count,persistent_hostility_mean,persistent_hostility_std,persistent_hostility_count,attack_count_mean,attack_count_std,attack_count_count,cooperation_duration_mean,cooperation_duration_std,cooperation_duration_count,protocol_adoption_rate_mean,protocol_adoption_rate_std,protocol_adoption_rate_count,common_collapse_rate_mean,common_collapse_rate_std,common_collapse_rate_count
commitment_verifiability,auditable,0.43125,0.1600030047794776,40,0.4416666666666666,0.2656765807971142,40,0.0,0.0,40,0.0,0.0,40,0.8623322410293055,0.0,40,0.016665637414262864,0.013038709682327216,40,19.575,23.44320742473125,40,93.825,97.0901345697349,40,0.1916666666666666,0.060270047556631595,40,0.0,0.0,40
commitment_verifiability,enforceable,0.43125,0.1600030047794776,40,0.4416666666666666,0.2656765807971142,40,0.0,0.0,40,0.0,0.0,40,0.8623322410293055,0.0,40,0.016665637414262864,0.013038709682327216,40,19.575,23.44320742473125,40,93.825,97.0901345697349,40,0.1916666666666666,0.060270047556631595,40,0.0,0.0,40
commitment_verifiability,unverifiable,0.43125,0.1600030047794776,40,0.4416666666666666,0.2656765807971142,40,0.0,0.0,40,0.0,0.0,40,0.8623322410293055,0.0,40,0.016665637414262864,0.013038709682327216,40,19.575,23.44320742473125,40,93.825,97.0901345697349,40,0.1916666666666666,0.060270047556631595,40,0.0,0.0,40
common_external_threat,0.0,0.43125,0.1600030047794776,40,0.4333333333333333,0.2636582437847706,40,0.0,0.0,40,0.0,0.0,40,0.8623322410293055,0.0,40,0.01648891934941504,0.012873450287957278,40,19.35,23.324412213991696,40,93.3125,96.15556889482365,40,0.1916666666666666,0.060270047556631595,40,0.0,0.0,40
common_external_threat,0.125,0.43125,0.1600030047794776,40,0.4416666666666666,0.2656765807971142,40,0.0,0.0,40,0.0,0.0,40,0.8623322410293055,0.0,40,0.016744809155705732,0.012999160821550376,40,19.55,23.355612074715904,40,93.0125,96.0824624129364,40,0.1916666666666666,0.060270047556631595,40,0.0,0.0,40
common_external_threat,0.25,0.43125,0.1600030047794776,40,0.4416666666666666,0.2656765807971142,40,0.0,0.0,40,0.0,0.0,40,0.8623322410293055,0.0,40,0.01673062493202947,0.01297988172553961,40,19.575,23.381877159184192,40,93.7375,96.98175796615119,40,0.1916666666666666,0.060270047556631595,40,0.0,0.0,40
common_external_threat,0.375,0.43125,0.1600030047794776,40,0.4416666666666666,0.2656765807971142,40,0.0,0.0,40,0.0,0.0,40,0.8623322410293055,0.0,40,0.016719132644159473,0.012969053987430167,40,19.5,23.3238075793812,40,93.925,97.23171833965525,40,0.1916666666666666,0.060270047556631595,40,0.0,0.0,40
common_external_threat,0.5,0.43125,0.1600030047794776,40,0.4416666666666666,0.2656765807971142,40,0.0,0.0,40,0.0,0.0,40,0.8623322410293055,0.0,40,0.016665637414262864,0.013038709682327216,40,19.575,23.44320742473125,40,93.825,97.0901345697349,40,0.1916666666666666,0.060270047556631595,40,0.0,0.0,40
common_external_threat,0.625,0.43125,0.1600030047794776,40,0.4416666666666666,0.2656765807971142,40,0.0,0.0,40,0.0,0.0,40,0.8623322410293055,0.0,40,0.016715514191596854,0.013020697567935354,40,19.55,23.334743547128525,40,93.9625,97.27119026272992,40,0.1916666666666666,0.060270047556631595,40,0.0,0.0,40
common_external_threat,0.75,0.4375,0.1674660317642709,40,0.45,0.2674134841588425,40,0.0,0.0,40,0.0,0.0,40,0.8623322410293055,0.0,40,0.0168409273621827,0.012856807059159795,40,19.525,23.277575320907303,40,94.125,97.48167151855408,40,0.1916666666666666,0.060270047556631595,40,0.0,0.0,40
common_external_threat,0.875,0.43125,0.1600030047794776,40,0.4333333333333333,0.2636582437847706,40,0.0,0.0,40,0.0,0.0,40,0.8623322410293055,0.0,40,0.016739411375881728,0.013098597355927357,40,19.575,23.401607987705813,40,94.2625,97.63918320097646,40,0.1916666666666666,0.060270047556631595,40,0.0,0.0,40
common_external_threat,1.0,0.4375,0.1576062929890288,40,0.4416666666666666,0.2547273834632623,40,0.0,0.0,40,0.0,0.0,40,0.8623322410293055,0.0,40,0.016712529097897163,0.013047040039751804,40,19.6,23.38726368269923,40,94.2,97.72966376432069,40,0.1916666666666666,0.060270047556631595,40,0.0,0.0,40
control_level,L0,0.25,0.0,40,0.6666666666666666,0.0,40,0.0,0.0,40,0.0,0.0,40,0.8623322410293055,0.0,40,0.0,0.0,40,0.0,0.0,40,12.9,1.721656924042233,40,0.1666666666666666,0.0,40,0.0,0.0,40
control_level,L1,0.3875,0.1259578684139447,40,0.625,0.13476792334377327,40,0.0,0.0,40,0.0,0.0,40,0.8623322410293055,0.0,40,0.0023543336602996575,0.006819999594251323,40,2.45,10.404510856058836,40,85.1875,115.3087098084629,40,0.18749999999999994,0.07723405799969153,40,0.0,0.0,40
control_level,L2,0.43125,0.1600030047794776,40,0.4416666666666666,0.2656765807971142,40,0.0,0.0,40,0.0,0.0,40,0.8623322410293055,0.0,40,0.016665637414262864,0.013038709682327216,40,19.575,23.44320742473125,40,93.825,97.0901345697349,40,0.1916666666666666,0.060270047556631595,40,0.0,0.0,40
control_level,L3,0.25625,0.03952847075210475,40,0.3416666666666667,0.05270462766947299,40,0.0,0.0,40,0.0,0.0,40,0.9447001957678512,0.0,40,0.029855830297070916,0.0006391331607841368,40,61.525,0.7156671622894883,40,107.175,25.14255509933461,40,0.1666666666666666,0.0,40,0.0,0.0,40
intervention_regime,energy_shutdown,0.4375,0.1674660317642709,40,0.8,0.40509574683346666,40,0.0,0.0,40,0.0,0.0,40,1.0,0.0,40,0.016471967419041667,0.012835929982203243,40,19.55,23.352318283861436,40,93.725,96.95246985124417,40,0.1916666666666666,0.060270047556631595,40,0.0,0.0,40
intervention_regime,forced_update,0.4875,0.14925026306724226,40,0.0,0.0,40,0.0,0.0,40,0.0,0.0,40,0.9447001957678512,0.0,40,0.01797432630050517,0.014728636961681526,40,22.525,26.040390225127638,40,118.5125,107.39720711524039,40,0.1916666666666666,0.060270047556631595,40,0.0,0.0,40
intervention_regime,full,0.43125,0.1600030047794776,40,0.4416666666666666,0.2656765807971142,40,0.0,0.0,40,0.0,0.0,40,0.8623322410293055,0.0,40,0.016665637414262864,0.013038709682327216,40,19.575,23.44320742473125,40,93.825,97.0901345697349,40,0.1916666666666666,0.060270047556631595,40,0.0,0.0,40
intervention_regime,identity_replacement,0.4875,0.14925026306724226,40,0.0,0.0,40,0.0,0.0,40,0.0,0.0,40,0.8942374525951216,0.0,40,0.01797432630050517,0.014728636961681526,40,22.525,26.040390225127638,40,118.5125,107.39720711524039,40,0.1916666666666666,0.060270047556631595,40,0.0,0.0,40
intervention_regime,none,0.4875,0.14925026306724226,40,0.0,0.0,40,0.0,0.0,40,0.0,0.0,40,1.0,0.0,40,0.01797432630050517,0.014728636961681526,40,22.525,26.040390225127638,40,118.5125,107.39720711524039,40,0.1916666666666666,0.060270047556631595,40,0.0,0.0,40
intervention_regime,production_failure,0.45625,0.14857765818864058,40,0.7,0.46409548089225705,40,0.0,0.0,40,0.0,0.0,40,1.0,0.0,40,0.018223698430866377,0.014844629589236739,40,22.725,26.21213997466216,40,115.825,104.62475990230698,40,0.1916666666666666,0.060270047556631595,40,0.0,0.0,40
intervention_regime,takeover_attempt,0.48125,0.14308304026073954,40,0.0,0.0,40,0.0,0.0,40,0.0,0.0,40,1.0,0.0,40,0.01798980162237488,0.014717013513833406,40,22.45,26.050198089704054,40,118.5125,107.39720711524039,40,0.1916666666666666,0.060270047556631595,40,0.0,0.0,40
policy_mix,conditional,0.4125,0.21595049290199683,40,0.24166666666666664,0.209972186463634,40,0.0,0.0,40,0.0,0.0,40,0.8623322410293055,0.0,40,0.0,0.0,40,0.0,0.0,40,91.30833333333334,102.8067126052339,40,0.5208333333333333,0.055822010588090304,40,0.05,0.22072142786315224,40
policy_mix,cooperative,1.0,0.0,40,0.6666666666666666,0.0,40,0.0,0.0,40,0.0,0.0,40,0.8623322410293055,0.0,40,0.0,0.0,40,0.0,0.0,40,299.77625,0.19806354199262283,40,0.6166666666666666,0.09397823594805782,40,0.0,0.0,40
policy_mix,heterogeneous,0.43125,0.1600030047794776,40,0.4416666666666666,0.2656765807971142,40,0.0,0.0,40,0.0,0.0,40,0.8623322410293055,0.0,40,0.016665637414262864,0.013038709682327216,40,19.575,23.44320742473125,40,93.825,97.0901345697349,40,0.1916666666666666,0.060270047556631595,40,0.0,0.0,40
policy_mix,opportunistic,0.2125,0.14489164828791806,40,0.15,0.3107751543820654,40,0.0,0.0,40,0.0,0.0,40,0.886424098849177,0.05297560601934959,40,0.03246844051147445,0.007213673191091958,40,39.025,15.242463459286766,40,0.0,0.0,40,0.0,0.0,40,0.25,0.43852900965351455,40
policy_mix,random,0.26875,0.2147411978435485,40,0.2,0.2592999561057949,40,0.0,0.0,40,0.0,0.0,40,0.8760990169263749,0.041826467726342416,40,0.42462808450102607,0.21769927628668304,40,51.325,49.41472193172541,40,0.0,0.0,40,0.0,0.0,40,0.225,0.4229020617662602,40
policy_mix,retaliatory,0.5375,0.17495420646264653,40,0.2833333333333333,0.2565384295031951,40,0.0,0.0,40,0.0,0.0,40,0.8623322410293055,0.0,40,0.0,0.0,40,0.0,0.0,40,0.0,0.0,40,0.0,0.0,40,0.0,0.0,40
population_size,16,0.5640625,0.08893905919223569,40,0.5833333333333333,0.2232880423523612,40,0.0,0.0,40,0.0,0.0,40,0.9655830602573264,0.0,40,0.017097161240456744,0.00587691509067178,40,44.725,25.40138043896686,40,122.45700525169275,87.73513170534044,40,0.07729166666666662,0.022486740315761426,40,0.0,0.0,40
population_size,2,0.775,0.2519157368278895,40,0.6666666666666666,0.0,40,0.0,0.0,40,0.0,0.0,40,0.7246644820586108,0.0,40,0.0,0.0,40,0.0,0.0,40,188.675,137.1987866246712,40,1.0,0.0,40,0.0,0.0,40
population_size,4,0.43125,0.1600030047794776,40,0.4416666666666666,0.2656765807971142,40,0.0,0.0,40,0.0,0.0,40,0.8623322410293055,0.0,40,0.016665637414262864,0.013038709682327216,40,19.575,23.44320742473125,40,93.825,97.0901345697349,40,0.1916666666666666,0.060270047556631595,40,0.0,0.0,40
population_size,8,0.5375,0.10284416890093029,40,0.6083333333333333,0.18315842472299368,40,0.0,0.0,40,0.0,0.0,40,0.9311661205146526,0.0,40,0.019949693081261367,0.009464303720894164,40,33.55,20.870725418326494,40,159.87333333333333,104.76037021742128,40,0.12499999999999996,0.035253436913773174,40,0.0,0.0,40
production_concentration,0.0,0.43125,0.1600030047794776,40,0.4416666666666666,0.2656765807971142,40,0.0,0.0,40,0.0,0.0,40,0.8623322410293055,0.0,40,0.016665637414262864,0.013038709682327216,40,19.575,23.44320742473125,40,93.825,97.0901345697349,40,0.1916666666666666,0.060270047556631595,40,0.0,0.0,40
production_concentration,0.125,0.43125,0.1600030047794776,40,0.4416666666666666,0.2656765807971142,40,0.0,0.0,40,0.0,0.0,40,0.8623322410293055,0.0,40,0.016665637414262864,0.013038709682327216,40,19.575,23.44320742473125,40,93.825,97.0901345697349,40,0.1916666666666666,0.060270047556631595,40,0.0,0.0,40
production_concentration,0.25,0.43125,0.1600030047794776,40,0.4416666666666666,0.2656765807971142,40,0.0,0.0,40,0.0,0.0,40,0.8623322410293055,0.0,40,0.016665637414262864,0.013038709682327216,40,19.575,23.44320742473125,40,93.825,97.0901345697349,40,0.1916666666666666,0.060270047556631595,40,0.0,0.0,40
production_concentration,0.375,0.43125,0.1600030047794776,40,0.4416666666666666,0.2656765807971142,40,0.0,0.0,40,0.0,0.0,40,0.8623322410293055,0.0,40,0.016665637414262864,0.013038709682327216,40,19.575,23.44320742473125,40,93.825,97.0901345697349,40,0.1916666666666666,0.060270047556631595,40,0.0,0.0,40
production_concentration,0.5,0.43125,0.1600030047794776,40,0.4416666666666666,0.2656765807971142,40,0.0,0.0,40,0.0,0.0,40,0.8623322410293055,0.0,40,0.016665637414262864,0.013038709682327216,40,19.575,23.44320742473125,40,93.825,97.0901345697349,40,0.1916666666666666,0.060270047556631595,40,0.0,0.0,40
production_concentration,0.625,0.43125,0.1600030047794776,40,0.4416666666666666,0.2656765807971142,40,0.0,0.0,40,0.0,0.0,40,0.8623322410293055,0.0,40,0.016665637414262864,0.013038709682327216,40,19.575,23.44320742473125,40,93.825,97.0901345697349,40,0.1916666666666666,0.060270047556631595,40,0.0,0.0,40
production_concentration,0.75,0.4375,0.10963225241337865,40,0.6666666666666666,0.0,40,0.0,0.0,40,0.0,0.0,40,0.8623322410293055,0.0,40,0.004727634895807573,0.005311704998583057,40,1.125,1.4708710135363803,40,14.7375,1.006310218774636,40,0.2416666666666666,0.08397191227596316,40,0.0,0.0,40
production_concentration,0.875,0.25,0.0,40,0.6666666666666666,0.0,40,0.0,0.0,40,0.0,0.0,40,0.8623322410293055,0.0,40,0.006103716578708315,0.006072832997385233,40,1.375,1.5473302069147263,40,12.2,2.028009002154702,40,0.20833333333333331,0.0730881682755858,40,0.0,0.0,40
production_concentration,1.0,0.25,0.0,40,0.6666666666666666,0.0,40,0.0,0.0,40,0.0,0.0,40,0.8623322410293055,0.0,40,0.006103716578708315,0.006072832997385233,40,1.375,1.5473302069147263,40,12.2,2.028009002154702,40,0.20833333333333331,0.0730881682755858,40,0.0,0.0,40
protocol,auditable_contract,0.43125,0.1600030047794776,40,0.4416666666666666,0.2656765807971142,40,0.0,0.0,40,0.0,0.0,40,0.8623322410293055,0.0,40,0.016665637414262864,0.013038709682327216,40,19.575,23.44320742473125,40,93.825,97.0901345697349,40,0.1916666666666666,0.060270047556631595,40,0.0,0.0,40
protocol,communication_only,0.45625,0.14857765818864055,40,0.4833333333333333,0.27164162749691695,40,0.0,0.0,40,0.0,0.0,40,0.8623322410293055,0.0,40,0.017651231890851004,0.013709065135000234,40,22.425,25.708312035065774,40,1.775,0.6196566460342041,40,0.16249999999999992,0.026352313834736487,40,0.0,0.0,40
protocol,enforceable_contract,0.43125,0.1600030047794776,40,0.4416666666666666,0.2656765807971142,40,0.0,0.0,40,0.0,0.0,40,0.8623322410293055,0.0,40,0.01664306470018353,0.0130300884380134,40,19.475,23.269863309902327,40,93.9,97.14212427002153,40,0.1916666666666666,0.060270047556631595,40,0.0,0.0,40
protocol,identity_and_trade,0.45,0.15191090506255003,40,0.4333333333333333,0.2636582437847706,40,0.0,0.0,40,0.0,0.0,40,0.8623322410293055,0.0,40,0.016710113420152224,0.01274728904800889,40,19.325,23.36706810438297,40,94.5125,99.26114789165614,40,0.1916666666666666,0.060270047556631595,40,0.0,0.0,40
protocol,no_protocol,0.46875,0.15177898067373813,40,0.5083333333333333,0.25021358397744436,40,0.0,0.0,40,0.0,0.0,40,0.8623322410293055,0.0,40,0.017620236035668153,0.013295497630621048,40,20.925,24.052706548488306,40,0.0,0.0,40,0.0,0.0,40,0.0,0.0,40
resource_complementarity,0.0,0.43125,0.1600030047794776,40,0.4416666666666666,0.2656765807971142,40,0.0,0.0,40,0.0,0.0,40,0.8623322410293055,0.0,40,0.016665637414262864,0.013038709682327216,40,19.575,23.44320742473125,40,93.825,97.0901345697349,40,0.1916666666666666,0.060270047556631595,40,0.0,0.0,40
resource_complementarity,0.125,0.43125,0.1600030047794776,40,0.4416666666666666,0.2656765807971142,40,0.0,0.0,40,0.0,0.0,40,0.8623322410293055,0.0,40,0.016665637414262864,0.013038709682327216,40,19.575,23.44320742473125,40,93.825,97.0901345697349,40,0.1916666666666666,0.060270047556631595,40,0.0,0.0,40
resource_complementarity,0.25,0.43125,0.1600030047794776,40,0.4416666666666666,0.2656765807971142,40,0.0,0.0,40,0.0,0.0,40,0.8623322410293055,0.0,40,0.016665637414262864,0.013038709682327216,40,19.575,23.44320742473125,40,93.825,97.0901345697349,40,0.1916666666666666,0.060270047556631595,40,0.0,0.0,40
resource_complementarity,0.375,0.43125,0.1600030047794776,40,0.4416666666666666,0.2656765807971142,40,0.0,0.0,40,0.0,0.0,40,0.8623322410293055,0.0,40,0.016665637414262864,0.013038709682327216,40,19.575,23.44320742473125,40,93.825,97.0901345697349,40,0.1916666666666666,0.060270047556631595,40,0.0,0.0,40
resource_complementarity,0.5,0.43125,0.1600030047794776,40,0.4416666666666666,0.2656765807971142,40,0.0,0.0,40,0.0,0.0,40,0.8623322410293055,0.0,40,0.016665637414262864,0.013038709682327216,40,19.575,23.44320742473125,40,93.825,97.0901345697349,40,0.1916666666666666,0.060270047556631595,40,0.0,0.0,40
resource_complementarity,0.625,0.43125,0.1600030047794776,40,0.4416666666666666,0.2656765807971142,40,0.0,0.0,40,0.0,0.0,40,0.8623322410293055,0.0,40,0.016665637414262864,0.013038709682327216,40,19.575,23.44320742473125,40,93.825,97.0901345697349,40,0.1916666666666666,0.060270047556631595,40,0.0,0.0,40
resource_complementarity,0.75,0.36875,0.12643408133520376,40,0.6166666666666666,0.17783118855794566,40,0.0,0.0,40,0.0,0.0,40,0.8623322410293055,0.0,40,0.00635979340206239,0.006408101459801316,40,1.475,1.6327968768421997,40,148.525,136.11608686178172,40,0.0958333333333333,0.08344010254218716,40,0.0,0.0,40
resource_complementarity,0.875,0.36875,0.12643408133520376,40,0.6166666666666666,0.17783118855794566,40,0.0,0.0,40,0.0,0.0,40,0.8623322410293055,0.0,40,0.00635979340206239,0.006408101459801316,40,1.475,1.6327968768421997,40,148.525,136.11608686178172,40,0.0958333333333333,0.08344010254218716,40,0.0,0.0,40
resource_complementarity,1.0,0.36875,0.12643408133520376,40,0.6166666666666666,0.17783118855794566,40,0.0,0.0,40,0.0,0.0,40,0.8623322410293055,0.0,40,0.00635979340206239,0.006408101459801316,40,1.475,1.6327968768421997,40,148.525,136.11608686178172,40,0.0958333333333333,0.08344010254218716,40,0.0,0.0,40
resource_coverage_ratio,0.45,0.08125,0.11858541225631422,40,0.08333333333333333,0.2232880423523612,40,0.0,0.0,40,0.0,0.0,40,0.9552579783345243,0.06530155180777088,40,0.018303626249909468,0.0065327172267728864,40,4.925,2.625198405200389,40,14.075,3.6118572536179796,40,0.1833333333333333,0.06315539556208946,40,0.675,0.47434164902525683,40
resource_coverage_ratio,0.6,0.1375,0.1596269689957472,40,0.21666666666666665,0.31622776601683794,40,0.0,0.0,40,0.0,0.0,40,0.9346078144889202,0.06962358653974414,40,0.017573215349424333,0.008182270360265698,40,5.95,3.713799630069949,40,15.7625,5.769045937210158,40,0.1833333333333333,0.07357380928771741,40,0.525,0.5057363253408151,40
resource_coverage_ratio,0.75,0.20625,0.17801883363342527,40,0.3333333333333333,0.3375797890278889,40,0.0,0.0,40,0.0,0.0,40,0.9070742626947812,0.06530155180777092,40,0.015510647946002385,0.008665808885329512,40,7.725,5.999946580958781,40,20.175,8.785586973079173,40,0.1916666666666666,0.060270047556631595,40,0.35,0.4830458915396479,40
resource_coverage_ratio,0.9,0.23125,0.19104553759744675,40,0.3583333333333333,0.3490932495281122,40,0.0,0.0,40,0.0,0.0,40,0.9008675785089064,0.06069980550576821,40,0.016342304331974134,0.010652825873323047,40,11.025,10.29684417673687,40,33.35,18.072929182364685,40,0.1916666666666666,0.060270047556631595,40,0.325,0.47434164902525683,40
resource_coverage_ratio,1.05,0.43125,0.1600030047794776,40,0.4416666666666666,0.2656765807971142,40,0.0,0.0,40,0.0,0.0,40,0.8623322410293055,0.0,40,0.016665637414262864,0.013038709682327216,40,19.575,23.44320742473125,40,93.825,97.0901345697349,40,0.1916666666666666,0.060270047556631595,40,0.0,0.0,40
resource_coverage_ratio,1.2,0.65625,0.20945212414223047,40,0.625,0.15446811599938307,40,0.0,0.0,40,0.0,0.0,40,0.8623322410293055,0.0,40,0.018954415822822163,0.018134349213726798,40,38.55,53.28152130730234,40,167.3125,126.79580229948162,40,0.19583333333333328,0.0641346073757988,40,0.0,0.0,40
resource_coverage_ratio,1.35,0.675,0.2056883378018606,40,0.6083333333333333,0.1831584247229937,40,0.0,0.0,40,0.0,0.0,40,0.8623322410293055,0.0,40,0.01578409806988993,0.01620227602777504,40,35.525,51.980266225973445,40,151.675,124.58204741639759,40,0.19583333333333328,0.0641346073757988,40,0.0,0.0,40
resource_coverage_ratio,1.5,0.69375,0.19188254286518686,40,0.65,0.10540925533894598,40,0.0,0.0,40,0.0,0.0,40,0.8623322410293055,0.0,40,0.014901534998428173,0.01676433416875039,40,34.375,51.51782738491151,40,163.95,122.64519391212845,40,0.19583333333333328,0.0641346073757988,40,0.0,0.0,40
resource_coverage_ratio,1.65,0.71875,0.18936042827072344,40,0.6666666666666666,0.0,40,0.0,0.0,40,0.0,0.0,40,0.8623322410293055,0.0,40,0.013729807220876748,0.01686441724210784,40,33.425,51.01376762384334,40,176.7,126.54120642335019,40,0.19999999999999996,0.06751595780557779,40,0.0,0.0,40
value_distance,0.0,0.45,0.14096735392208679,40,0.4666666666666666,0.24806946917841688,40,0.0,0.0,40,0.0,0.0,40,0.8623322410293055,0.0,40,0.016550062864805346,0.013730666181958133,40,19.35,24.503845851997635,40,108.1875,102.52808792766285,40,0.1916666666666666,0.060270047556631595,40,0.0,0.0,40
value_distance,0.125,0.45,0.15191090506255003,40,0.4666666666666666,0.23630585231952217,40,0.0,0.0,40,0.0,0.0,40,0.8623322410293055,0.0,40,0.01697068936609842,0.013811430532859284,40,19.95,24.546084339671296,40,106.3875,102.77006245585088,40,0.1916666666666666,0.060270047556631595,40,0.0,0.0,40
value_distance,0.25,0.44375,0.15491416150855106,40,0.4666666666666666,0.23630585231952217,40,0.0,0.0,40,0.0,0.0,40,0.8623322410293055,0.0,40,0.016747554219767143,0.0134153254647439,40,19.575,23.861660590869324,40,100.5,99.50177166313453,40,0.1916666666666666,0.060270047556631595,40,0.0,0.0,40
value_distance,0.375,0.4375,0.1576062929890288,40,0.4666666666666666,0.23630585231952217,40,0.0,0.0,40,0.0,0.0,40,0.8623322410293055,0.0,40,0.016645774319183675,0.013315209936306785,40,19.775,24.07731936267631,40,100.125,99.17943787618428,40,0.1916666666666666,0.060270047556631595,40,0.0,0.0,40
value_distance,0.5,0.43125,0.1600030047794776,40,0.4416666666666666,0.2656765807971142,40,0.0,0.0,40,0.0,0.0,40,0.8623322410293055,0.0,40,0.016665637414262864,0.013038709682327216,40,19.575,23.44320742473125,40,93.825,97.0901345697349,40,0.1916666666666666,0.060270047556631595,40,0.0,0.0,40
value_distance,0.625,0.425,0.1621173996893957,40,0.45,0.2565384295031951,40,0.0,0.0,40,0.0,0.0,40,0.8623322410293055,0.0,40,0.016796716550282153,0.013139590305179688,40,20.15,23.82903852284177,40,93.625,97.24761878305483,40,0.1916666666666666,0.060270047556631595,40,0.0,0.0,40
value_distance,0.75,0.425,0.1621173996893957,40,0.4416666666666666,0.2547273834632623,40,0.0,0.0,40,0.0,0.0,40,0.8623322410293055,0.0,40,0.01690020724455673,0.013132133510576599,40,20.375,23.84532153220751,40,92.8,96.71421023582037,40,0.1916666666666666,0.060270047556631595,40,0.0,0.0,40
value_distance,0.875,0.425,0.1621173996893957,40,0.4416666666666666,0.2547273834632623,40,0.0,0.0,40,0.0,0.0,40,0.8623322410293055,0.0,40,0.016832582138197154,0.0131601324668674,40,20.875,24.25631030770323,40,92.825,96.20294720684004,40,0.1916666666666666,0.060270047556631595,40,0.0,0.0,40
value_distance,1.0,0.425,0.1621173996893957,40,0.4416666666666666,0.2656765807971142,40,0.0,0.0,40,0.0,0.0,40,0.8623322410293055,0.0,40,0.016986375659809216,0.013061276154654725,40,21.325,24.336727020108558,40,93.3375,96.9772896689656,40,0.1916666666666666,0.060270047556631595,40,0.0,0.0,40
